Controller.Micro850.Micro850.__SYSVA_ABORT_CYCLE	
Controller.Micro850.Micro850.__SYSVA_CCEXEC	
Controller.Micro850.Micro850.__SYSVA_CYCLECNT	
Controller.Micro850.Micro850.__SYSVA_CYCLEDATE	
Controller.Micro850.Micro850.__SYSVA_FIRST_SCAN	
Controller.Micro850.Micro850.__SYSVA_KVBCERR	
Controller.Micro850.Micro850.__SYSVA_KVBPERR	
Controller.Micro850.Micro850.__SYSVA_MAJ_ERR_HALT	
Controller.Micro850.Micro850.__SYSVA_POWERUP_BIT	
Controller.Micro850.Micro850.__SYSVA_PROJ_INCOMPLETE	
Controller.Micro850.Micro850.__SYSVA_REMOTE	
Controller.Micro850.Micro850.__SYSVA_RESMODE	
Controller.Micro850.Micro850.__SYSVA_RESNAME	
Controller.Micro850.Micro850.__SYSVA_SCANCNT	
Controller.Micro850.Micro850.__SYSVA_SUSPEND_ID	
Controller.Micro850.Micro850.__SYSVA_TCYCURRENT	
Controller.Micro850.Micro850.__SYSVA_TCYCYCTIME	
Controller.Micro850.Micro850.__SYSVA_TCYMAXIMUM	
Controller.Micro850.Micro850.__SYSVA_TCYOVERFLOW	
Controller.Micro850.Micro850.__SYSVA_TCYWDG	
Controller.Micro850.Micro850.__SYSVA_USER_DATA_LOST	
Controller.Micro850.Micro850._IO_EM_DI_00	
Controller.Micro850.Micro850._IO_EM_DI_01	
Controller.Micro850.Micro850._IO_EM_DI_02	
Controller.Micro850.Micro850._IO_EM_DI_03	
Controller.Micro850.Micro850._IO_EM_DI_04	
Controller.Micro850.Micro850._IO_EM_DI_05	
Controller.Micro850.Micro850._IO_EM_DI_06	
Controller.Micro850.Micro850._IO_EM_DI_07	
Controller.Micro850.Micro850._IO_EM_DI_08	
Controller.Micro850.Micro850._IO_EM_DI_09	
Controller.Micro850.Micro850._IO_EM_DI_10	
Controller.Micro850.Micro850._IO_EM_DI_11	
Controller.Micro850.Micro850._IO_EM_DI_12	
Controller.Micro850.Micro850._IO_EM_DI_13	
Controller.Micro850.Micro850._IO_EM_DI_14	
Controller.Micro850.Micro850._IO_EM_DI_15	
Controller.Micro850.Micro850._IO_EM_DI_16	
Controller.Micro850.Micro850._IO_EM_DI_17	
Controller.Micro850.Micro850._IO_EM_DI_18	
Controller.Micro850.Micro850._IO_EM_DI_19	
Controller.Micro850.Micro850._IO_EM_DI_20	
Controller.Micro850.Micro850._IO_EM_DI_21	
Controller.Micro850.Micro850._IO_EM_DI_22	
Controller.Micro850.Micro850._IO_EM_DI_23	
Controller.Micro850.Micro850._IO_EM_DI_24	
Controller.Micro850.Micro850._IO_EM_DI_25	
Controller.Micro850.Micro850._IO_EM_DI_26	
Controller.Micro850.Micro850._IO_EM_DI_27	
Controller.Micro850.Micro850._IO_EM_DO_00	
Controller.Micro850.Micro850._IO_EM_DO_01	
Controller.Micro850.Micro850._IO_EM_DO_02	
Controller.Micro850.Micro850._IO_EM_DO_03	
Controller.Micro850.Micro850._IO_EM_DO_04	
Controller.Micro850.Micro850._IO_EM_DO_05	
Controller.Micro850.Micro850._IO_EM_DO_06	
Controller.Micro850.Micro850._IO_EM_DO_07	
Controller.Micro850.Micro850._IO_EM_DO_08	
Controller.Micro850.Micro850._IO_EM_DO_09	
Controller.Micro850.Micro850._IO_EM_DO_10	
Controller.Micro850.Micro850._IO_EM_DO_11	
Controller.Micro850.Micro850._IO_EM_DO_12	
Controller.Micro850.Micro850._IO_EM_DO_13	
Controller.Micro850.Micro850._IO_EM_DO_14	
Controller.Micro850.Micro850._IO_EM_DO_15	
Controller.Micro850.Micro850._IO_EM_DO_16	
Controller.Micro850.Micro850._IO_EM_DO_17	
Controller.Micro850.Micro850._IO_EM_DO_18	
Controller.Micro850.Micro850._IO_EM_DO_19	
Controller.Micro850.Micro850._IO_X1_DO_00	
Controller.Micro850.Micro850._IO_X1_DO_01	
Controller.Micro850.Micro850._IO_X1_DO_02	
Controller.Micro850.Micro850._IO_X1_DO_03	
Controller.Micro850.Micro850._IO_X1_DO_04	
Controller.Micro850.Micro850._IO_X1_DO_05	
Controller.Micro850.Micro850._IO_X1_DO_06	
Controller.Micro850.Micro850._IO_X1_DO_07	
Controller.Micro850.Micro850._IO_X1_DO_08	
Controller.Micro850.Micro850._IO_X1_DO_09	
Controller.Micro850.Micro850._IO_X1_DO_10	
Controller.Micro850.Micro850._IO_X1_DO_11	
Controller.Micro850.Micro850._IO_X1_DO_12	
Controller.Micro850.Micro850._IO_X1_DO_13	
Controller.Micro850.Micro850._IO_X1_DO_14	
Controller.Micro850.Micro850._IO_X1_DO_15	
Controller.Micro850.Micro850._IO_X1_ST_00	
Controller.Micro850.Micro850._IO_X1_ST_01	
Controller.Micro850.Micro850._IO_X1_ST_02	
Controller.Micro850.Micro850._IO_X1_ST_03	
Controller.Micro850.Micro850._IO_X1_ST_04	
Controller.Micro850.Micro850._IO_X1_ST_05	
Controller.Micro850.Micro850._IO_X1_ST_06	
Controller.Micro850.Micro850._IO_X1_ST_07	
Controller.Micro850.Micro850._IO_X1_ST_08	
Controller.Micro850.Micro850._IO_X1_ST_09	
Controller.Micro850.Micro850._IO_X1_ST_10	
Controller.Micro850.Micro850._IO_X1_ST_11	
Controller.Micro850.Micro850._IO_X1_ST_12	
Controller.Micro850.Micro850._IO_X1_ST_13	
Controller.Micro850.Micro850._IO_X1_ST_14	
Controller.Micro850.Micro850._IO_X1_ST_15	
Controller.Micro850.Micro850._MOTION_DIAG.CurrentEngineInterval	
Controller.Micro850.Micro850._MOTION_DIAG.CurrentScanTime	
Controller.Micro850.Micro850._MOTION_DIAG.EngineState	
Controller.Micro850.Micro850._MOTION_DIAG.ExtraData	
Controller.Micro850.Micro850._MOTION_DIAG.MaxEngineInterval	
Controller.Micro850.Micro850._MOTION_DIAG.MaxScanTime	
Controller.Micro850.Micro850.Axis1.AccelFlag	
Controller.Micro850.Micro850.Axis1.AxisHomed	
Controller.Micro850.Micro850.Axis1.AxisNo	
Controller.Micro850.Micro850.Axis1.AxisState	
Controller.Micro850.Micro850.Axis1.CommandPos	
Controller.Micro850.Micro850.Axis1.CommandVel	
Controller.Micro850.Micro850.Axis1.ConstVel	
Controller.Micro850.Micro850.Axis1.DecelFlag	
Controller.Micro850.Micro850.Axis1.ErrorFlag	
Controller.Micro850.Micro850.Axis1.ErrorID	
Controller.Micro850.Micro850.Axis1.ExtraData	
Controller.Micro850.Micro850.Axis1.TargetPos	
Controller.Micro850.Micro850.Axis1.TargetVel	
Controller.Micro850.Micro850.Axis2.AccelFlag	
Controller.Micro850.Micro850.Axis2.AxisHomed	
Controller.Micro850.Micro850.Axis2.AxisNo	
Controller.Micro850.Micro850.Axis2.AxisState	
Controller.Micro850.Micro850.Axis2.CommandPos	
Controller.Micro850.Micro850.Axis2.CommandVel	
Controller.Micro850.Micro850.Axis2.ConstVel	
Controller.Micro850.Micro850.Axis2.DecelFlag	
Controller.Micro850.Micro850.Axis2.ErrorFlag	
Controller.Micro850.Micro850.Axis2.ErrorID	
Controller.Micro850.Micro850.Axis2.ExtraData	
Controller.Micro850.Micro850.Axis2.TargetPos	
Controller.Micro850.Micro850.Axis2.TargetVel	
Controller.Micro850.Micro850.Axis3.AccelFlag	
Controller.Micro850.Micro850.Axis3.AxisHomed	
Controller.Micro850.Micro850.Axis3.AxisNo	
Controller.Micro850.Micro850.Axis3.AxisState	
Controller.Micro850.Micro850.Axis3.CommandPos	
Controller.Micro850.Micro850.Axis3.CommandVel	
Controller.Micro850.Micro850.Axis3.ConstVel	
Controller.Micro850.Micro850.Axis3.DecelFlag	
Controller.Micro850.Micro850.Axis3.ErrorFlag	
Controller.Micro850.Micro850.Axis3.ErrorID	
Controller.Micro850.Micro850.Axis3.ExtraData	
Controller.Micro850.Micro850.Axis3.TargetPos	
Controller.Micro850.Micro850.Axis3.TargetVel	
Controller.Micro850.Micro850.DutyCycle	30.0
Controller.Micro850.Micro850.EnablePower	
Controller.Micro850.Micro850.ExecuteMotion	
Controller.Micro850.Micro850.ExecuteWriteParam	
Controller.Micro850.Micro850.FwdDir	
Controller.Micro850.Micro850.MoveFwd	
Controller.Micro850.Micro850.MoveRev	
Controller.Micro850.Micro850.RevDir	
Controller.Micro850.Micro850.SampleProgram.MC_Halt_1.Active	
Controller.Micro850.Micro850.SampleProgram.MC_Halt_1.Axis.AccelFlag	
Controller.Micro850.Micro850.SampleProgram.MC_Halt_1.Axis.AxisHomed	
Controller.Micro850.Micro850.SampleProgram.MC_Halt_1.Axis.AxisNo	
Controller.Micro850.Micro850.SampleProgram.MC_Halt_1.Axis.AxisState	
Controller.Micro850.Micro850.SampleProgram.MC_Halt_1.Axis.CommandPos	
Controller.Micro850.Micro850.SampleProgram.MC_Halt_1.Axis.CommandVel	
Controller.Micro850.Micro850.SampleProgram.MC_Halt_1.Axis.ConstVel	
Controller.Micro850.Micro850.SampleProgram.MC_Halt_1.Axis.DecelFlag	
Controller.Micro850.Micro850.SampleProgram.MC_Halt_1.Axis.ErrorFlag	
Controller.Micro850.Micro850.SampleProgram.MC_Halt_1.Axis.ErrorID	
Controller.Micro850.Micro850.SampleProgram.MC_Halt_1.Axis.ExtraData	
Controller.Micro850.Micro850.SampleProgram.MC_Halt_1.Axis.TargetPos	
Controller.Micro850.Micro850.SampleProgram.MC_Halt_1.Axis.TargetVel	
Controller.Micro850.Micro850.SampleProgram.MC_Halt_1.AxisIn.AccelFlag	
Controller.Micro850.Micro850.SampleProgram.MC_Halt_1.AxisIn.AxisHomed	
Controller.Micro850.Micro850.SampleProgram.MC_Halt_1.AxisIn.AxisNo	
Controller.Micro850.Micro850.SampleProgram.MC_Halt_1.AxisIn.AxisState	
Controller.Micro850.Micro850.SampleProgram.MC_Halt_1.AxisIn.CommandPos	
Controller.Micro850.Micro850.SampleProgram.MC_Halt_1.AxisIn.CommandVel	
Controller.Micro850.Micro850.SampleProgram.MC_Halt_1.AxisIn.ConstVel	
Controller.Micro850.Micro850.SampleProgram.MC_Halt_1.AxisIn.DecelFlag	
Controller.Micro850.Micro850.SampleProgram.MC_Halt_1.AxisIn.ErrorFlag	
Controller.Micro850.Micro850.SampleProgram.MC_Halt_1.AxisIn.ErrorID	
Controller.Micro850.Micro850.SampleProgram.MC_Halt_1.AxisIn.ExtraData	
Controller.Micro850.Micro850.SampleProgram.MC_Halt_1.AxisIn.TargetPos	
Controller.Micro850.Micro850.SampleProgram.MC_Halt_1.AxisIn.TargetVel	
Controller.Micro850.Micro850.SampleProgram.MC_Halt_1.AxisSaved.AccelFlag	
Controller.Micro850.Micro850.SampleProgram.MC_Halt_1.AxisSaved.AxisHomed	
Controller.Micro850.Micro850.SampleProgram.MC_Halt_1.AxisSaved.AxisNo	
Controller.Micro850.Micro850.SampleProgram.MC_Halt_1.AxisSaved.AxisState	
Controller.Micro850.Micro850.SampleProgram.MC_Halt_1.AxisSaved.CommandPos	
Controller.Micro850.Micro850.SampleProgram.MC_Halt_1.AxisSaved.CommandVel	
Controller.Micro850.Micro850.SampleProgram.MC_Halt_1.AxisSaved.ConstVel	
Controller.Micro850.Micro850.SampleProgram.MC_Halt_1.AxisSaved.DecelFlag	
Controller.Micro850.Micro850.SampleProgram.MC_Halt_1.AxisSaved.ErrorFlag	
Controller.Micro850.Micro850.SampleProgram.MC_Halt_1.AxisSaved.ErrorID	
Controller.Micro850.Micro850.SampleProgram.MC_Halt_1.AxisSaved.ExtraData	
Controller.Micro850.Micro850.SampleProgram.MC_Halt_1.AxisSaved.TargetPos	
Controller.Micro850.Micro850.SampleProgram.MC_Halt_1.AxisSaved.TargetVel	
Controller.Micro850.Micro850.SampleProgram.MC_Halt_1.BufferMode	
Controller.Micro850.Micro850.SampleProgram.MC_Halt_1.Busy	
Controller.Micro850.Micro850.SampleProgram.MC_Halt_1.CommandAborted	
Controller.Micro850.Micro850.SampleProgram.MC_Halt_1.Deceleration	
Controller.Micro850.Micro850.SampleProgram.MC_Halt_1.Done	
Controller.Micro850.Micro850.SampleProgram.MC_Halt_1.Error	
Controller.Micro850.Micro850.SampleProgram.MC_Halt_1.ErrorID	
Controller.Micro850.Micro850.SampleProgram.MC_Halt_1.ExecEdge	
Controller.Micro850.Micro850.SampleProgram.MC_Halt_1.Execute	
Controller.Micro850.Micro850.SampleProgram.MC_Halt_1.Jerk	
Controller.Micro850.Micro850.SampleProgram.MC_MoveVelocity_1.Acceleration	
Controller.Micro850.Micro850.SampleProgram.MC_MoveVelocity_1.Active	
Controller.Micro850.Micro850.SampleProgram.MC_MoveVelocity_1.Axis.AccelFlag	
Controller.Micro850.Micro850.SampleProgram.MC_MoveVelocity_1.Axis.AxisHomed	
Controller.Micro850.Micro850.SampleProgram.MC_MoveVelocity_1.Axis.AxisNo	
Controller.Micro850.Micro850.SampleProgram.MC_MoveVelocity_1.Axis.AxisState	
Controller.Micro850.Micro850.SampleProgram.MC_MoveVelocity_1.Axis.CommandPos	
Controller.Micro850.Micro850.SampleProgram.MC_MoveVelocity_1.Axis.CommandVel	
Controller.Micro850.Micro850.SampleProgram.MC_MoveVelocity_1.Axis.ConstVel	
Controller.Micro850.Micro850.SampleProgram.MC_MoveVelocity_1.Axis.DecelFlag	
Controller.Micro850.Micro850.SampleProgram.MC_MoveVelocity_1.Axis.ErrorFlag	
Controller.Micro850.Micro850.SampleProgram.MC_MoveVelocity_1.Axis.ErrorID	
Controller.Micro850.Micro850.SampleProgram.MC_MoveVelocity_1.Axis.ExtraData	
Controller.Micro850.Micro850.SampleProgram.MC_MoveVelocity_1.Axis.TargetPos	
Controller.Micro850.Micro850.SampleProgram.MC_MoveVelocity_1.Axis.TargetVel	
Controller.Micro850.Micro850.SampleProgram.MC_MoveVelocity_1.AxisIn.AccelFlag	
Controller.Micro850.Micro850.SampleProgram.MC_MoveVelocity_1.AxisIn.AxisHomed	
Controller.Micro850.Micro850.SampleProgram.MC_MoveVelocity_1.AxisIn.AxisNo	
Controller.Micro850.Micro850.SampleProgram.MC_MoveVelocity_1.AxisIn.AxisState	
Controller.Micro850.Micro850.SampleProgram.MC_MoveVelocity_1.AxisIn.CommandPos	
Controller.Micro850.Micro850.SampleProgram.MC_MoveVelocity_1.AxisIn.CommandVel	
Controller.Micro850.Micro850.SampleProgram.MC_MoveVelocity_1.AxisIn.ConstVel	
Controller.Micro850.Micro850.SampleProgram.MC_MoveVelocity_1.AxisIn.DecelFlag	
Controller.Micro850.Micro850.SampleProgram.MC_MoveVelocity_1.AxisIn.ErrorFlag	
Controller.Micro850.Micro850.SampleProgram.MC_MoveVelocity_1.AxisIn.ErrorID	
Controller.Micro850.Micro850.SampleProgram.MC_MoveVelocity_1.AxisIn.ExtraData	
Controller.Micro850.Micro850.SampleProgram.MC_MoveVelocity_1.AxisIn.TargetPos	
Controller.Micro850.Micro850.SampleProgram.MC_MoveVelocity_1.AxisIn.TargetVel	
Controller.Micro850.Micro850.SampleProgram.MC_MoveVelocity_1.AxisSaved.AccelFlag	
Controller.Micro850.Micro850.SampleProgram.MC_MoveVelocity_1.AxisSaved.AxisHomed	
Controller.Micro850.Micro850.SampleProgram.MC_MoveVelocity_1.AxisSaved.AxisNo	
Controller.Micro850.Micro850.SampleProgram.MC_MoveVelocity_1.AxisSaved.AxisState	
Controller.Micro850.Micro850.SampleProgram.MC_MoveVelocity_1.AxisSaved.CommandPos	
Controller.Micro850.Micro850.SampleProgram.MC_MoveVelocity_1.AxisSaved.CommandVel	
Controller.Micro850.Micro850.SampleProgram.MC_MoveVelocity_1.AxisSaved.ConstVel	
Controller.Micro850.Micro850.SampleProgram.MC_MoveVelocity_1.AxisSaved.DecelFlag	
Controller.Micro850.Micro850.SampleProgram.MC_MoveVelocity_1.AxisSaved.ErrorFlag	
Controller.Micro850.Micro850.SampleProgram.MC_MoveVelocity_1.AxisSaved.ErrorID	
Controller.Micro850.Micro850.SampleProgram.MC_MoveVelocity_1.AxisSaved.ExtraData	
Controller.Micro850.Micro850.SampleProgram.MC_MoveVelocity_1.AxisSaved.TargetPos	
Controller.Micro850.Micro850.SampleProgram.MC_MoveVelocity_1.AxisSaved.TargetVel	
Controller.Micro850.Micro850.SampleProgram.MC_MoveVelocity_1.BufferMode	
Controller.Micro850.Micro850.SampleProgram.MC_MoveVelocity_1.Busy	
Controller.Micro850.Micro850.SampleProgram.MC_MoveVelocity_1.CommandAborted	
Controller.Micro850.Micro850.SampleProgram.MC_MoveVelocity_1.Deceleration	
Controller.Micro850.Micro850.SampleProgram.MC_MoveVelocity_1.Direction	
Controller.Micro850.Micro850.SampleProgram.MC_MoveVelocity_1.DirectionIn	
Controller.Micro850.Micro850.SampleProgram.MC_MoveVelocity_1.Error	
Controller.Micro850.Micro850.SampleProgram.MC_MoveVelocity_1.ErrorID	
Controller.Micro850.Micro850.SampleProgram.MC_MoveVelocity_1.ExecEdge	
Controller.Micro850.Micro850.SampleProgram.MC_MoveVelocity_1.Execute	
Controller.Micro850.Micro850.SampleProgram.MC_MoveVelocity_1.InVelocity	
Controller.Micro850.Micro850.SampleProgram.MC_MoveVelocity_1.Jerk	
Controller.Micro850.Micro850.SampleProgram.MC_MoveVelocity_1.Velocity	
Controller.Micro850.Micro850.SampleProgram.MC_Power_1.__DTI_AxisIn	
Controller.Micro850.Micro850.SampleProgram.MC_Power_1.Active	
Controller.Micro850.Micro850.SampleProgram.MC_Power_1.Axis.AccelFlag	
Controller.Micro850.Micro850.SampleProgram.MC_Power_1.Axis.AxisHomed	
Controller.Micro850.Micro850.SampleProgram.MC_Power_1.Axis.AxisNo	
Controller.Micro850.Micro850.SampleProgram.MC_Power_1.Axis.AxisState	
Controller.Micro850.Micro850.SampleProgram.MC_Power_1.Axis.CommandPos	
Controller.Micro850.Micro850.SampleProgram.MC_Power_1.Axis.CommandVel	
Controller.Micro850.Micro850.SampleProgram.MC_Power_1.Axis.ConstVel	
Controller.Micro850.Micro850.SampleProgram.MC_Power_1.Axis.DecelFlag	
Controller.Micro850.Micro850.SampleProgram.MC_Power_1.Axis.ErrorFlag	
Controller.Micro850.Micro850.SampleProgram.MC_Power_1.Axis.ErrorID	
Controller.Micro850.Micro850.SampleProgram.MC_Power_1.Axis.ExtraData	
Controller.Micro850.Micro850.SampleProgram.MC_Power_1.Axis.TargetPos	
Controller.Micro850.Micro850.SampleProgram.MC_Power_1.Axis.TargetVel	
Controller.Micro850.Micro850.SampleProgram.MC_Power_1.AxisIn	
Controller.Micro850.Micro850.SampleProgram.MC_Power_1.AxisSaved.AccelFlag	
Controller.Micro850.Micro850.SampleProgram.MC_Power_1.AxisSaved.AxisHomed	
Controller.Micro850.Micro850.SampleProgram.MC_Power_1.AxisSaved.AxisNo	
Controller.Micro850.Micro850.SampleProgram.MC_Power_1.AxisSaved.AxisState	
Controller.Micro850.Micro850.SampleProgram.MC_Power_1.AxisSaved.CommandPos	
Controller.Micro850.Micro850.SampleProgram.MC_Power_1.AxisSaved.CommandVel	
Controller.Micro850.Micro850.SampleProgram.MC_Power_1.AxisSaved.ConstVel	
Controller.Micro850.Micro850.SampleProgram.MC_Power_1.AxisSaved.DecelFlag	
Controller.Micro850.Micro850.SampleProgram.MC_Power_1.AxisSaved.ErrorFlag	
Controller.Micro850.Micro850.SampleProgram.MC_Power_1.AxisSaved.ErrorID	
Controller.Micro850.Micro850.SampleProgram.MC_Power_1.AxisSaved.ExtraData	
Controller.Micro850.Micro850.SampleProgram.MC_Power_1.AxisSaved.TargetPos	
Controller.Micro850.Micro850.SampleProgram.MC_Power_1.AxisSaved.TargetVel	
Controller.Micro850.Micro850.SampleProgram.MC_Power_1.Busy	
Controller.Micro850.Micro850.SampleProgram.MC_Power_1.Enable	
Controller.Micro850.Micro850.SampleProgram.MC_Power_1.Enable_Negative	
Controller.Micro850.Micro850.SampleProgram.MC_Power_1.Enable_Positive	
Controller.Micro850.Micro850.SampleProgram.MC_Power_1.Error	
Controller.Micro850.Micro850.SampleProgram.MC_Power_1.ErrorID	
Controller.Micro850.Micro850.SampleProgram.MC_Power_1.ExecEdge	
Controller.Micro850.Micro850.SampleProgram.MC_Power_1.Status	
Controller.Micro850.Micro850.SampleProgram.MC_WriteParameter_1.__DTI_AxisIn	
Controller.Micro850.Micro850.SampleProgram.MC_WriteParameter_1.Axis.AccelFlag	
Controller.Micro850.Micro850.SampleProgram.MC_WriteParameter_1.Axis.AxisHomed	
Controller.Micro850.Micro850.SampleProgram.MC_WriteParameter_1.Axis.AxisNo	
Controller.Micro850.Micro850.SampleProgram.MC_WriteParameter_1.Axis.AxisState	
Controller.Micro850.Micro850.SampleProgram.MC_WriteParameter_1.Axis.CommandPos	
Controller.Micro850.Micro850.SampleProgram.MC_WriteParameter_1.Axis.CommandVel	
Controller.Micro850.Micro850.SampleProgram.MC_WriteParameter_1.Axis.ConstVel	
Controller.Micro850.Micro850.SampleProgram.MC_WriteParameter_1.Axis.DecelFlag	
Controller.Micro850.Micro850.SampleProgram.MC_WriteParameter_1.Axis.ErrorFlag	
Controller.Micro850.Micro850.SampleProgram.MC_WriteParameter_1.Axis.ErrorID	
Controller.Micro850.Micro850.SampleProgram.MC_WriteParameter_1.Axis.ExtraData	
Controller.Micro850.Micro850.SampleProgram.MC_WriteParameter_1.Axis.TargetPos	
Controller.Micro850.Micro850.SampleProgram.MC_WriteParameter_1.Axis.TargetVel	
Controller.Micro850.Micro850.SampleProgram.MC_WriteParameter_1.AxisIn	
Controller.Micro850.Micro850.SampleProgram.MC_WriteParameter_1.AxisSaved.AccelFlag	
Controller.Micro850.Micro850.SampleProgram.MC_WriteParameter_1.AxisSaved.AxisHomed	
Controller.Micro850.Micro850.SampleProgram.MC_WriteParameter_1.AxisSaved.AxisNo	
Controller.Micro850.Micro850.SampleProgram.MC_WriteParameter_1.AxisSaved.AxisState	
Controller.Micro850.Micro850.SampleProgram.MC_WriteParameter_1.AxisSaved.CommandPos	
Controller.Micro850.Micro850.SampleProgram.MC_WriteParameter_1.AxisSaved.CommandVel	
Controller.Micro850.Micro850.SampleProgram.MC_WriteParameter_1.AxisSaved.ConstVel	
Controller.Micro850.Micro850.SampleProgram.MC_WriteParameter_1.AxisSaved.DecelFlag	
Controller.Micro850.Micro850.SampleProgram.MC_WriteParameter_1.AxisSaved.ErrorFlag	
Controller.Micro850.Micro850.SampleProgram.MC_WriteParameter_1.AxisSaved.ErrorID	
Controller.Micro850.Micro850.SampleProgram.MC_WriteParameter_1.AxisSaved.ExtraData	
Controller.Micro850.Micro850.SampleProgram.MC_WriteParameter_1.AxisSaved.TargetPos	
Controller.Micro850.Micro850.SampleProgram.MC_WriteParameter_1.AxisSaved.TargetVel	
Controller.Micro850.Micro850.SampleProgram.MC_WriteParameter_1.Busy	
Controller.Micro850.Micro850.SampleProgram.MC_WriteParameter_1.Done	
Controller.Micro850.Micro850.SampleProgram.MC_WriteParameter_1.Error	
Controller.Micro850.Micro850.SampleProgram.MC_WriteParameter_1.ErrorID	
Controller.Micro850.Micro850.SampleProgram.MC_WriteParameter_1.ExecEdge	
Controller.Micro850.Micro850.SampleProgram.MC_WriteParameter_1.Execute	
Controller.Micro850.Micro850.SampleProgram.MC_WriteParameter_1.MC_ExecutionMode	
Controller.Micro850.Micro850.SampleProgram.MC_WriteParameter_1.ParameterNumber	
Controller.Micro850.Micro850.SampleProgram.MC_WriteParameter_1.Value	
Controller.Micro850.Micro850.Stop	
